epoch,train_loss,train_zero_classification_loss,train_positive_regression_loss,train_zero_suppression_loss,validation_mse,validation_mae,validation_r2,validation_smape,validation_rmse,validation_rmsle,validation_thresholded_rmsle,validation_zero_f1,validation_mean_prediction_on_zero,validation_evaluated_row_count,validation_skipped_row_count,validation_unknown_node_row_count
1,0.043642111927668856,0.17470198551493923,0.0026681104067731508,0.01121831084869774,0.10025994729016793,0.2622544485379834,-2.1321753103446315,178.65378609471324,0.31663851201357035,0.26343236214388566,0.2688154667755527,0.30931943592887795,0.0047947687503113465,417885,211,211
2,0.0310327669709467,0.12668116192111156,0.0017730131110350832,0.007168359500064091,0.07950095932355841,0.22596540299721998,-1.4836532301506797,156.43457614970487,0.28195914477732126,0.23444707757482486,0.2395711570036504,0.3578002339950813,0.014274089633515487,417885,211,211
3,0.028766577701735654,0.1177186935818967,0.0016078599820723732,0.0066903952233568304,0.03667105603658399,0.1308827083381264,-0.14562374533899924,87.48195325923001,0.19149688257667274,0.1507462773567091,0.15166463989308332,0.5756361832818282,0.07003793482202375,417885,211,211
4,0.02735134439343914,0.11193411256175652,0.0015297987534526856,0.006349746366867543,0.06648707692657985,0.17896449974514514,-1.0770924624936415,108.16828581429397,0.25785088118247695,0.190140998228052,0.19129842703323158,0.5093765567554438,0.055017975719708574,417885,211,211
5,0.026250652814002528,0.10734185617522327,0.0014820177155939773,0.006060819011247236,0.08093053994811766,0.2190035304529946,-1.5283141067760422,116.06486458445613,0.28448293437061856,0.219375683445974,0.2202873517186662,0.4335053822001626,0.09400061697881361,417885,211,211
6,0.025656943653758063,0.1048933958875825,0.0014417482883265155,0.005982558305828169,0.05017901017814783,0.15463474393438043,-0.567619583148729,89.74856895917024,0.22400671904688,0.1685924059909128,0.16909656109704702,0.5880234128770824,0.06769929284078051,417885,211,211
