epoch,train_loss,validation_mse,validation_mae,validation_r2,validation_smape,validation_rmse,validation_rmsle,validation_evaluated_row_count,validation_skipped_row_count,validation_unknown_node_row_count
1,0.001424095656901049,0.09074403572857985,0.23447227274705706,-2.1135598128596182,89.24059181220669,0.30123750717428904,0.20741320340244698,1208473,0,0
2,0.0006108510587341167,0.0982883304672741,0.26764692902954845,-2.3724155351797642,92.65524827294318,0.3135096975649623,0.2334523757463615,1208473,0,0
3,0.000576131999964137,0.4876299873019452,0.5371118857413424,-15.731293906188974,113.10302175339653,0.6983050818245169,0.23583389311518074,1208473,0,0
4,0.0005473276613083572,0.01879377297642046,0.09589913722063927,0.3551583219594414,28.1077618600081,0.13709038250884145,0.09600706692660554,1208473,0,0
5,0.0005283686304352871,0.009179074727886661,0.06472634643131006,0.6850525991871652,19.214010564009932,0.09580748784874103,0.07133919542818538,1208473,0,0
6,0.0005175527123949446,0.009947553242472804,0.06545301627532804,0.6586849839400521,22.51281874055736,0.09973742147495494,0.07558943312469542,1208473,0,0
7,0.0005001242194122808,0.014762784388922668,0.06944313779143221,0.49346740168418224,26.246430894438777,0.1215021991114674,0.08911802423404848,1208473,0,0
8,0.0004931959758882606,0.018101680527809173,0.08438643330248091,0.37890502021325334,28.804921834376923,0.13454248595818785,0.09856646666779749,1208473,0,0
