epoch,train_loss,train_zero_classification_loss,train_positive_regression_loss,train_zero_suppression_loss,validation_mse,validation_mae,validation_r2,validation_smape,validation_rmse,validation_rmsle,validation_thresholded_rmsle,validation_zero_f1,validation_mean_prediction_on_zero,validation_evaluated_row_count,validation_skipped_row_count,validation_unknown_node_row_count
1,0.07256777580778496,0.3032917185430402,0.003594187949316929,0.01573685017510038,0.06094723020567703,0.18424581549451666,-2.1093061791301286,85.91259646529778,0.2468749282646519,0.18002742288482387,0.18150758689586768,0.4177501148283199,0.034398773956582765,271599,0,0
2,0.05886475395985146,0.24830425295031064,0.0027635327608725485,0.012256122715881083,0.04594941916013875,0.16386785529116826,-1.3441723674712915,91.65209342721568,0.21435815627155116,0.16974762052301293,0.17148130949512824,0.3640503334224621,0.03212973109631747,271599,0,0
3,0.055442795130731665,0.2342492615749528,0.002594954881656804,0.011343440590675576,0.06004631477547792,0.18869842575241152,-2.0633447481588023,108.76375457017264,0.24504349568082381,0.19159263221254927,0.19270092480732162,0.308257522743177,0.028570715685718697,271599,0,0
4,0.053305948337595874,0.22510234035159807,0.0025013921485595096,0.010942316780761012,0.030760423856387734,0.12514469525919314,-0.56928502979647,75.92059721467675,0.17538649850084737,0.14367308286672054,0.14523116873237973,0.4347909108268092,0.026920653488813888,271599,0,0
5,0.05174723179813397,0.218511715397081,0.0024361427307340545,0.0105753411277223,0.07935034543605779,0.21566424353220515,-3.0481662340984137,89.73531264699919,0.2816919335658332,0.1982728880823237,0.19957091155259252,0.37830647613256313,0.060005293475548484,271599,0,0
6,0.05030679192893718,0.21222574272685765,0.0023840452392839247,0.010311839816463943,0.04851538816305725,0.16790286062611953,-1.4750787802698127,98.69396595467433,0.22026208970918543,0.1756782303834245,0.17644710901201754,0.32851636331165446,0.041407006619478506,271599,0,0
7,0.049244579527127665,0.20771821080441583,0.0023339061707839176,0.010110413936620228,0.05552015063978492,0.1741388213083337,-1.8324363037984122,101.33305329553576,0.2356271432577005,0.18735478333566735,0.1891957930037192,0.32095138958205593,0.030458625231124727,271599,0,0
