{
  "mse": 0.05045112567604067,
  "mae": 0.16841990423276812,
  "r2": -0.13502770302650413,
  "smape": 77.9283867790433,
  "rmse": 0.2246132802753227,
  "rmsle": 0.16404693107257598,
  "evaluated_row_count": 118171,
  "skipped_row_count": 7489
}