{
  "mse": 0.04296056720927816,
  "mae": 0.158956435113153,
  "r2": 0.13379425880469276,
  "smape": 101.704787219561,
  "rmse": 0.2072693108235712,
  "rmsle": 0.16113095822623175,
  "evaluated_row_count": 122200,
  "skipped_row_count": 4172
}