{
  "mse": 0.036001171804335125,
  "mae": 0.13955527695732334,
  "r2": -0.12541027573480723,
  "smape": 80.12344614811859,
  "rmse": 0.18973974756053388,
  "rmsle": 0.15185348198068482,
  "evaluated_row_count": 388198,
  "skipped_row_count": 29898
}