{
  "mse": 0.038644740103048775,
  "mae": 0.1508168949496532,
  "r2": -0.21117773733098266,
  "smape": 98.44052629266683,
  "rmse": 0.1965826546342499,
  "rmsle": 0.16338305183357085,
  "evaluated_row_count": 415020,
  "skipped_row_count": 7042
}