{
  "mse": 0.03878781744565523,
  "mae": 0.16081038868656852,
  "r2": 0.11773702930574925,
  "smape": 76.10101765435748,
  "rmse": 0.19694622983356455,
  "rmsle": 0.15109365939643732
}