{
  "mse": 0.02957604388949714,
  "mae": 0.12900855533748126,
  "r2": 0.4012014224560114,
  "smape": 85.14887278057957,
  "rmse": 0.1719768702165996,
  "rmsle": 0.13367326722991246
}