fold,rmse_log1p
1,0.5241398156399064
2,0.5250996347524535
3,0.5247065121158068
4,0.5226603760150165
5,0.5242159449677101
mean,0.5241644566981787
std,0.0008287217861370552
oof,0.5241651175020712
