{
  "mse": 0.01578550845072707,
  "mae": 0.08011800900102929,
  "r2": 0.04631130014970941,
  "smape": 41.992844891153375,
  "rmse": 0.12564039338814198,
  "rmsle": 0.10091193505404485,
  "evaluated_row_count": 264947,
  "skipped_row_count": 609,
  "window_count": 264947,
  "thresholded_mse": 0.016002465693418372,
  "thresholded_mae": 0.08038080340662379,
  "thresholded_r2": 0.03320372928170612,
  "thresholded_smape": 33.65298870888326,
  "thresholded_rmse": 0.1265008525402828,
  "thresholded_rmsle": 0.10180143735051932,
  "thresholded_evaluated_row_count": 264947,
  "thresholded_skipped_row_count": 609,
  "thresholded_window_count": 264947,
  "zero_true_positive_count": 11675,
  "zero_false_positive_count": 25573,
  "zero_false_negative_count": 1598,
  "zero_true_negative_count": 226101,
  "zero_accuracy": 0.8974474140111041,
  "zero_precision": 0.31343964776632305,
  "zero_recall": 0.8796052135915016,
  "zero_f1": 0.46218404227944815,
  "zero_false_positive_rate": 0.10161160866835668,
  "zero_false_negative_rate": 0.12039478640849846,
  "mean_prediction_on_zero": 0.051064519105469865,
  "zero_threshold": 0.5,
  "evaluated_timestamp_count": 878,
  "skipped_timestamp_count": 0,
  "unknown_node_row_count": 609
}