epoch,train_loss,train_zero_classification_loss,train_positive_regression_loss,train_zero_suppression_loss,validation_mse,validation_mae,validation_r2,validation_smape,validation_rmse,validation_rmsle,validation_thresholded_rmsle,validation_zero_f1,validation_mean_prediction_on_zero,validation_evaluated_row_count,validation_skipped_row_count,validation_unknown_node_row_count
1,0.04822877168275917,0.1984886323445775,0.0025740904998941333,0.011276211064843443,0.05605875218960273,0.17958140834223177,-0.7513059230804193,89.65829675691883,0.23676729543921968,0.17540712718201495,0.17553483543367032,0.5479572463258562,0.11046482869138717,417885,211,211
2,0.034411198016075686,0.14353525049979657,0.001833309765972823,0.006791759542929481,0.11899082574118892,0.26404593077751376,-2.7173381456646895,87.6535010105581,0.34495046853307637,0.2332287284823218,0.23328392123704753,0.49840033729322186,0.20043122324467336,417885,211,211
3,0.031227065532292528,0.13005568952462163,0.0016738739777628602,0.006227263933203443,0.03534332342456396,0.13299441256097963,-0.10414465604651624,97.75488884658431,0.1879982005886332,0.1539133803602154,0.15409522645264984,0.5509837752905082,0.04343611161941936,417885,211,211
4,0.029127423617055805,0.12082844368991663,0.0015775575531622682,0.006022064344552964,0.058485203287551205,0.1748831938288805,-0.8271095757469924,89.42284066134935,0.24183714207613188,0.17327969122732495,0.1733762224988988,0.5838965468962796,0.08932628878949035,417885,211,211
5,0.027937128459254435,0.11561000541242393,0.001515385304638581,0.00594785430155438,0.08996534702505818,0.23526322664436855,-1.8105663961994494,97.71280094552867,0.2999422394813011,0.21005719248586835,0.21011263079020467,0.6086816361449668,0.10251602632191598,417885,211,211
6,0.027143755413198706,0.1119382608784908,0.001498192143498302,0.00586572836283029,0.07376315170524403,0.2025634432860679,-1.3044009978950775,111.60463427513689,0.27159372545264004,0.19549870822563933,0.1956069878094505,0.5275039688590315,0.07145021243218143,417885,211,211
