{
  "variant": "no_learned_graph",
  "removed_module": "learned_graph_branch",
  "meter_id": 2,
  "meter_name": "steam",
  "metric_scale": "log1p_minmax",
  "final_score_metric": "test_rmsle",
  "model_config": {
    "input_size": 35,
    "node_count": 312,
    "gcn_dim": 16,
    "embed_dim": 16,
    "graph_top_k": 20,
    "gcn_layers": 4,
    "hidden_size": 128,
    "num_layers": 2,
    "dropout": 0.1,
    "graph_mode": "static_adaptive"
  },
  "training_config": {
    "window_size": 168,
    "stride": 1,
    "batch_size": 4,
    "eval_batch_size": 1,
    "epochs": 20,
    "patience": 3,
    "learning_rate": 0.001,
    "weight_decay": 1e-05,
    "grad_clip_norm": 1.0,
    "zero_classification_weight": 0.2,
    "positive_regression_weight": 2.0,
    "zero_suppression_weight": 0.3,
    "zero_threshold": 0.5,
    "seed": 42
  },
  "zero_pos_weight": 6.000502683791653,
  "prediction_fusion_alpha": [
    0.0
  ],
  "best_epoch": 5,
  "best_validation_rmse": 0.13853769539946445,
  "best_validation_rmsle": 0.11249360097415355,
  "best_validation_zero_f1": 0.5072346010812838,
  "validation_rmse": 0.13853769539946445,
  "validation_rmsle": 0.11249360097415355,
  "validation_thresholded_rmsle": 0.1128008176005959,
  "validation_zero_f1": 0.5072346010812838,
  "test_rmse": 0.12040713580786742,
  "test_rmsle": 0.09252507014657614,
  "test_thresholded_rmsle": 0.09281573100199186,
  "test_zero_f1": 0.5433980048700023,
  "final_score": 0.09252507014657614,
  "node_count": 312,
  "node_ids": [
    745,
    747,
    750,
    751,
    753,
    754,
    757,
    758,
    759,
    762,
    764,
    765,
    766,
    767,
    769,
    770,
    771,
    772,
    774,
    776,
    783,
    784,
    787,
    789,
    790,
    791,
    792,
    796,
    797,
    798,
    800,
    802,
    875,
    876,
    878,
    879,
    880,
    885,
    886,
    887,
    888,
    889,
    890,
    893,
    894,
    895,
    896,
    898,
    899,
    900,
    901,
    903,
    905,
    906,
    907,
    908,
    910,
    911,
    912,
    913,
    914,
    915,
    916,
    917,
    918,
    920,
    922,
    924,
    925,
    926,
    928,
    929,
    931,
    932,
    933,
    934,
    942,
    945,
    946,
    948,
    949,
    951,
    952,
    953,
    956,
    957,
    958,
    959,
    960,
    961,
    962,
    963,
    964,
    965,
    966,
    967,
    968,
    969,
    971,
    972,
    973,
    974,
    976,
    978,
    979,
    980,
    981,
    987,
    989,
    991,
    992,
    994,
    995,
    996,
    997,
    1072,
    1073,
    1075,
    1076,
    1077,
    1078,
    1079,
    1080,
    1085,
    1086,
    1089,
    1090,
    1091,
    1092,
    1093,
    1094,
    1097,
    1098,
    1099,
    1100,
    1102,
    1104,
    1105,
    1106,
    1107,
    1108,
    1109,
    1111,
    1112,
    1116,
    1117,
    1119,
    1121,
    1124,
    1126,
    1129,
    1133,
    1139,
    1140,
    1143,
    1145,
    1147,
    1148,
    1149,
    1150,
    1151,
    1152,
    1154,
    1155,
    1156,
    1157,
    1158,
    1159,
    1162,
    1163,
    1164,
    1167,
    1169,
    1171,
    1172,
    1174,
    1176,
    1178,
    1180,
    1184,
    1185,
    1186,
    1187,
    1189,
    1191,
    1192,
    1197,
    1198,
    1200,
    1203,
    1204,
    1206,
    1207,
    1209,
    1210,
    1211,
    1212,
    1214,
    1218,
    1219,
    1220,
    1225,
    1226,
    1232,
    1238,
    1239,
    1241,
    1243,
    1245,
    1247,
    1248,
    1249,
    1250,
    1254,
    1256,
    1258,
    1259,
    1263,
    1283,
    1284,
    1285,
    1286,
    1287,
    1288,
    1289,
    1290,
    1291,
    1292,
    1293,
    1294,
    1295,
    1296,
    1297,
    1298,
    1299,
    1301,
    1303,
    1305,
    1306,
    1307,
    1308,
    1309,
    1310,
    1315,
    1326,
    1329,
    1330,
    1331,
    1332,
    1336,
    1337,
    1338,
    1339,
    1341,
    1342,
    1343,
    1344,
    1345,
    1346,
    1347,
    1348,
    1350,
    1351,
    1354,
    1355,
    1358,
    1360,
    1361,
    1363,
    1364,
    1366,
    1367,
    1369,
    1373,
    1375,
    1377,
    1378,
    1379,
    1381,
    1382,
    1383,
    1384,
    1385,
    1386,
    1387,
    1390,
    1391,
    1392,
    1394,
    1396,
    1402,
    1405,
    1406,
    1409,
    1412,
    1413,
    1414,
    1417,
    1418,
    1420,
    1424,
    1425,
    1426,
    1427,
    1430,
    1431,
    1433,
    1434,
    1436,
    1437,
    1438,
    1442
  ],
  "test_only_node_ids": [
    1327
  ],
  "test_unknown_node_row_count": 609,
  "feature_count": 35,
  "input_feature_cols": [
    "meter_reading",
    "building_id",
    "meter",
    "site_id",
    "primary_use",
    "square_feet",
    "year_built",
    "floor_count",
    "air_temperature",
    "cloud_coverage",
    "dew_temperature",
    "precip_depth_1_hr",
    "sea_level_pressure",
    "wind_direction",
    "wind_speed",
    "age",
    "beaufort_scale",
    "month_datetime",
    "weekofyear_datetime",
    "dayofyear_datetime",
    "hour_datetime",
    "day_week",
    "day_month_datetime",
    "week_month_datetime",
    "age_missing",
    "air_temperature_missing",
    "beaufort_scale_missing",
    "cloud_coverage_missing",
    "dew_temperature_missing",
    "floor_count_missing",
    "precip_depth_1_hr_missing",
    "sea_level_pressure_missing",
    "wind_direction_missing",
    "wind_speed_missing",
    "year_built_missing"
  ],
  "input_feature_means": {
    "meter_reading": 0.29018405079841614,
    "building_id": 1110.63427734375,
    "meter": 2.0,
    "site_id": 11.71180534362793,
    "primary_use": 2.951741933822632,
    "square_feet": 133641.59375,
    "year_built": 1961.765380859375,
    "floor_count": 8.270048141479492,
    "air_temperature": 15.878619194030762,
    "cloud_coverage": 1.3317993879318237,
    "dew_temperature": 9.070585250854492,
    "precip_depth_1_hr": 0.9911466836929321,
    "sea_level_pressure": 1015.87353515625,
    "wind_direction": 6.533191204071045,
    "wind_speed": 3.1238250732421875,
    "age": 54.23463439941406,
    "beaufort_scale": 2.1653711795806885,
    "month_datetime": 5.446882724761963,
    "weekofyear_datetime": 22.051925659179688,
    "dayofyear_datetime": 150.47915649414062,
    "hour_datetime": 11.492058753967285,
    "day_week": 2.9996285438537598,
    "day_month_datetime": 15.307162284851074,
    "week_month_datetime": 2.6422173976898193,
    "age_missing": 0.7966889142990112,
    "air_temperature_missing": 0.009548860602080822,
    "beaufort_scale_missing": 0.014230760745704174,
    "cloud_coverage_missing": 0.4381324052810669,
    "dew_temperature_missing": 0.009777775034308434,
    "floor_count_missing": 0.9698975086212158,
    "precip_depth_1_hr_missing": 0.18980082869529724,
    "sea_level_pressure_missing": 0.03580750524997711,
    "wind_direction_missing": 0.11853811144828796,
    "wind_speed_missing": 0.014230760745704174,
    "year_built_missing": 0.7966889142990112
  },
  "input_feature_stds": {
    "meter_reading": 0.15761974453926086,
    "building_id": 197.781005859375,
    "meter": 1.0,
    "site_id": 2.880600929260254,
    "primary_use": 3.152569532394409,
    "square_feet": 120400.7265625,
    "year_built": 28.574115753173828,
    "floor_count": 7.247625350952148,
    "air_temperature": 11.265069961547852,
    "cloud_coverage": 2.1003129482269287,
    "dew_temperature": 11.023856163024902,
    "precip_depth_1_hr": 8.33110237121582,
    "sea_level_pressure": 6.512075901031494,
    "wind_direction": 4.992644786834717,
    "wind_speed": 2.168543577194214,
    "age": 28.574115753173828,
    "beaufort_scale": 1.2888638973236084,
    "month_datetime": 2.7790071964263916,
    "weekofyear_datetime": 12.299666404724121,
    "dayofyear_datetime": 84.5465087890625,
    "hour_datetime": 6.919492721557617,
    "day_week": 2.003662347793579,
    "day_month_datetime": 8.764129638671875,
    "week_month_datetime": 1.2640255689620972,
    "age_missing": 0.4024619460105896,