{
  "mse": 0.025252446428872474,
  "mae": 0.12238112300867274,
  "r2": 0.11776385949456569,
  "smape": 30.086607486864363,
  "rmse": 0.15891018352790506,
  "rmsle": 0.11463128853710323
}