{
  "mse": 0.021372407882692974,
  "mae": 0.11013284511168588,
  "r2": 0.2666816088428332,
  "smape": 27.904003148645778,
  "rmse": 0.14619305004921737,
  "rmsle": 0.1062026414006054
}