epoch,train_loss,train_zero_classification_loss,train_positive_regression_loss,train_zero_suppression_loss,validation_mse,validation_mae,validation_r2,validation_smape,validation_rmse,validation_rmsle,validation_thresholded_rmsle,validation_zero_f1,validation_mean_prediction_on_zero,validation_evaluated_row_count,validation_skipped_row_count,validation_unknown_node_row_count
1,0.043227928527264446,0.17399040796951562,0.002515726215623866,0.01132797960653767,0.10148037866698711,0.2650964572914679,-2.170302250660885,181.5175046779303,0.31855985099661743,0.2652019228984622,0.2697363660010166,0.3041003281379942,0.003176067456523575,417885,211,211
2,0.03154196967923487,0.1287146274501032,0.001802945607497333,0.0073105083747526224,0.04637806187872485,0.1552896209031857,-0.44887588996790706,104.68024507698317,0.21535566367923747,0.17408578793017881,0.17576539816316158,0.506586401653736,0.045467761861397823,417885,211,211
3,0.029145726615027682,0.11904129506660281,0.0016440213751756359,0.006831414731360406,0.028571164845187774,0.11622788918986564,0.10742126308040134,73.81537853278864,0.1690300708311624,0.13520660244457072,0.13597067739873936,0.6344445297897945,0.10020357262145223,417885,211,211
4,0.027712399821529867,0.11335944243802235,0.0015657771534309196,0.006363188618779636,0.09186826688707879,0.22777209955766745,-1.8700146481732451,103.9763928664198,0.3030977843651761,0.21154017069946385,0.21233677646461907,0.571233290235859,0.07268488363406819,417885,211,211
5,0.026626123284899685,0.10904735984706182,0.001484454892007475,0.006159137041436472,0.12453158732231556,0.285574212226252,-2.890434552494866,116.77937027477417,0.3528903332797819,0.2581036573669445,0.2587832378993511,0.4435722406464791,0.166887377431126,417885,211,211
6,0.02589058567101391,0.10590729926022024,0.0014507159976020524,0.0060256446239562046,0.03844855780319416,0.13405444512307887,-0.20115386776522848,76.98512932305647,0.1960830380303053,0.15038340567211525,0.15139961617790154,0.5953043602369228,0.09959337313938169,417885,211,211
