{
  "mse": 0.07118769789546792,
  "mae": 0.21829317756130195,
  "r2": -1.5029141247931328,
  "smape": 74.21850481326402,
  "rmse": 0.2668102282437237,
  "rmsle": 0.19209676900749795,
  "evaluated_row_count": 1077942,
  "skipped_row_count": 130531
}