{
  "mse": 0.08241477002014946,
  "mae": 0.2408833990537006,
  "r2": -1.9344324352451747,
  "smape": 77.4979372741882,
  "rmse": 0.28707972763702677,
  "rmsle": 0.19895601528281626,
  "evaluated_row_count": 1131207,
  "skipped_row_count": 65293
}