{
  "mse": 0.005408370895353569,
  "mae": 0.04759556179246655,
  "r2": 0.8144309305001813,
  "smape": 14.52676861999686,
  "rmse": 0.07354162695612308,
  "rmsle": 0.05407196097832415
}