{
  "mse": 0.006881290330445258,
  "mae": 0.05396576732685223,
  "r2": 0.7595906978783578,
  "smape": 16.004214126685284,
  "rmse": 0.08295354320609372,
  "rmsle": 0.06099519579033455
}