{
  "mse": 0.006881291978061199,
  "mae": 0.05396578460931778,
  "r2": 0.7595906257629395,
  "smape": 16.00455093383789,
  "rmse": 0.08295355313704893
}