{
  "mse": 0.006687838118523359,
  "mae": 0.05405402556061745,
  "r2": 0.7705305814743042,
  "smape": 15.976771354675293,
  "rmse": 0.08177920345982442
}