{
  "mse": 0.029523469507694244,
  "mae": 0.13096189498901367,
  "r2": 0.40226584672927856,
  "smape": 84.31329345703125,
  "rmse": 0.17182394916801977
}