{
  "mse": 0.03878781571984291,
  "mae": 0.16081039607524872,
  "r2": 0.1177370548248291,
  "smape": 76.10101318359375,
  "rmse": 0.1969462254521343
}