{
  "variant": "no_static_graph",
  "removed_module": "static_graph_branch",
  "meter_id": 1,
  "meter_name": "chilled_water",
  "metric_scale": "log1p_minmax",
  "final_score_metric": "test_rmsle",
  "model_config": {
    "input_size": 35,
    "node_count": 485,
    "gcn_dim": 16,
    "embed_dim": 16,
    "graph_top_k": 20,
    "gcn_layers": 4,
    "hidden_size": 128,
    "num_layers": 2,
    "dropout": 0.1,
    "graph_mode": "static_adaptive"
  },
  "training_config": {
    "window_size": 168,
    "stride": 1,
    "batch_size": 4,
    "eval_batch_size": 1,
    "epochs": 20,
    "patience": 3,
    "learning_rate": 0.001,
    "weight_decay": 1e-05,
    "grad_clip_norm": 1.0,
    "zero_classification_weight": 0.2,
    "positive_regression_weight": 2.0,
    "zero_suppression_weight": 0.3,
    "zero_threshold": 0.5,
    "seed": 42
  },
  "zero_pos_weight": 6.054848798561543,
  "prediction_fusion_alpha": [
    1.0
  ],
  "best_epoch": 5,
  "best_validation_rmse": 0.15353107242557987,
  "best_validation_rmsle": 0.1240310600310198,
  "best_validation_zero_f1": 0.6463988550081265,
  "validation_rmse": 0.15353107242557987,
  "validation_rmsle": 0.1240310600310198,
  "validation_thresholded_rmsle": 0.12415477017071434,
  "validation_zero_f1": 0.6463988550081265,
  "test_rmse": 0.14727147564632578,
  "test_rmsle": 0.12192533019597086,
  "test_thresholded_rmsle": 0.12213785320413433,
  "test_zero_f1": 0.7039380439481945,
  "final_score": 0.12192533019597086,
  "node_count": 485,
  "node_ids": [
    7,
    9,
    13,
    14,
    15,
    28,
    29,
    30,
    31,
    43,
    50,
    55,
    60,
    75,
    76,
    78,
    82,
    91,
    92,
    95,
    96,
    97,
    98,
    103,
    161,
    162,
    163,
    166,
    167,
    168,
    169,
    170,
    171,
    172,
    173,
    174,
    175,
    176,
    177,
    178,
    179,
    180,
    181,
    183,
    184,
    187,
    188,
    189,
    190,
    191,
    192,
    194,
    195,
    197,
    198,
    200,
    201,
    202,
    203,
    204,
    205,
    206,
    207,
    208,
    209,
    210,
    212,
    213,
    214,
    215,
    216,
    217,
    219,
    220,
    221,
    222,
    224,
    225,
    226,
    228,
    229,
    231,
    233,
    234,
    235,
    236,
    237,
    238,
    239,
    240,
    244,
    245,
    246,
    247,
    248,
    249,
    250,
    252,
    253,
    254,
    255,
    256,
    257,
    258,
    259,
    260,
    263,
    264,
    265,
    267,
    268,
    270,
    271,
    273,
    277,
    279,
    281,
    282,
    284,
    285,
    286,
    287,
    290,
    745,
    747,
    748,
    750,
    751,
    752,
    753,
    755,
    763,
    765,
    767,
    769,
    770,
    771,
    774,
    776,
    777,
    778,
    780,
    786,
    787,
    789,
    790,
    791,
    792,
    793,
    795,
    796,
    797,
    798,
    800,
    802,
    874,
    875,
    878,
    879,
    880,
    883,
    885,
    886,
    887,
    888,
    889,
    890,
    891,
    893,
    894,
    895,
    896,
    898,
    899,
    900,
    901,
    903,
    905,
    906,
    907,
    908,
    910,
    911,
    912,
    913,
    914,
    915,
    916,
    917,
    918,
    920,
    922,
    923,
    924,
    925,
    926,
    928,
    929,
    931,
    932,
    933,
    934,
    935,
    942,
    945,
    946,
    948,
    949,
    951,
    952,
    953,
    956,
    957,
    958,
    959,
    960,
    961,
    962,
    963,
    964,
    965,
    966,
    967,
    968,
    969,
    971,
    972,
    973,
    974,
    975,
    976,
    978,
    979,
    980,
    981,
    987,
    989,
    990,
    991,
    992,
    994,
    995,
    996,
    997,
    998,
    1000,
    1001,
    1003,
    1013,
    1015,
    1017,
    1018,
    1022,
    1028,
    1030,
    1031,
    1032,
    1070,
    1072,
    1073,
    1074,
    1077,
    1078,
    1079,
    1080,
    1083,
    1084,
    1085,
    1090,
    1092,
    1093,
    1094,
    1095,
    1097,
    1098,
    1101,
    1104,
    1107,
    1109,
    1119,
    1121,
    1122,
    1127,
    1129,
    1130,
    1132,
    1133,
    1136,
    1137,
    1139,
    1140,
    1142,
    1143,
    1144,
    1146,
    1148,
    1150,
    1151,
    1152,
    1154,
    1156,
    1157,
    1158,
    1159,
    1160,
    1161,
    1162,
    1163,
    1164,
    1167,
    1169,
    1176,
    1177,
    1179,
    1180,
    1185,
    1187,
    1189,
    1191,
    1193,
    1196,
    1201,
    1202,
    1206,
    1207,
    1208,
    1210,
    1211,
    1212,
    1214,
    1216,
    1217,
    1218,
    1219,
    1220,
    1223,
    1224,
    1225,
    1226,
    1227,
    1228,
    1229,
    1230,
    1232,
    1233,
    1234,
    1235,
    1236,
    1237,
    1238,
    1239,
    1240,
    1241,
    1242,
    1243,
    1244,
    1245,
    1246,
    1247,
    1248,
    1249,
    1250,
    1251,
    1252,
    1253,
    1254,
    1255,
    1258,
    1259,
    1260,
    1262,
    1263,
    1264,
    1265,
    1266,
    1267,
    1268,
    1269,
    1270,
    1271,
    1272,
    1273,
    1274,
    1275,
    1276,
    1280,
    1283,
    1284,
    1285,
    1286,
    1287,
    1288,
    1289,
    1290,
    1291,
    1292,
    1293,
    1294,
    1295,
    1296,
    1297,
    1298,
    1299,
    1300,
    1301,
    1302,
    1303,
    1306,
    1307,
    1308,
    1309,
    1310,
    1311,
    1312,
    1317,
    1318,
    1319,
    1321,
    1322,
    1323,
    1324,
    1326,
    1328,
    1329,
    1331,
    1332,
    1333,
    1334,
    1336,
    1337,
    1339,
    1341,
    1342,
    1343,
    1344,
    1345,
    1347,
    1348,
    1349,
    1350,
    1351,
    1352,
    1353,
    1354,
    1355,
    1357,
    1358,
    1359,
    1361,
    1362,
    1363,
    1366,
    1367,
    1368,
    1372,
    1374,
    1375,
    1376,
    1377,
    1379,
    1380,
    1381,
    1382,
    1383,
    1384,
    1386,
    1388,
    1389,
    1390,
    1391,
    1394,
    1395,
    1396,
    1397,
    1398,
    1400,
    1401,
    1404,
    1405,
    1407,
    1408,
    1409,
    1410,
    1411,
    1412
  ],
  "test_only_node_ids": [
    1413
  ],
  "test_unknown_node_row_count": 878,
  "feature_count": 35,
  "input_feature_cols": [
    "meter_reading",
    "building_id",
    "meter",
    "site_id",
    "primary_use",
    "square_feet",
    "year_built",
    "floor_count",
    "air_temperature",
    "cloud_coverage",
    "dew_temperature",
    "precip_depth_1_hr",
    "sea_level_pressure",
    "wind_direction",
    "wind_speed",
    "age",
    "beaufort_scale",
    "month_datetime",
    "weekofyear_datetime",
    "dayofyear_datetime",
    "hour_datetime",
    "day_week",
    "day_month_datetime",
    "week_month_datetime",
    "age_missing",
    "air_temperature_missing",
    "beaufort_scale_missing",
    "cloud_coverage_missing",
    "dew_temperature_missing",
    "floor_count_missing",
    "precip_depth_1_hr_missing",
    "sea_level_pressure_missing",
    "wind_direction_missing",
    "wind_speed_missing",
    "year_built_missing"
  ],
  "input_feature_means": {
    "meter_reading": 0.3216768801212311,
    "building_id": 885.9528198242188,
    "meter": 1.0,
    "site_id": 9.2804594039917,
    "primary_use": 2.858570098876953,
    "square_feet": 119983.890625,
    "year_built": 1969.6282958984375,
    "floor_count": 5.3564558029174805,
    "air_temperature": 18.52592658996582,
    "cloud_coverage": 1.4382514953613281,
    "dew_temperature": 8.214064598083496,
    "precip_depth_1_hr": 0.7700714468955994,
    "sea_level_pressure": 1014.7640380859375,
    "wind_direction": 6.574612617492676,
    "wind_speed": 3.089789628982544,
    "age": 46.37118148803711,
    "beaufort_scale": 2.1562886238098145,
    "month_datetime": 5.436386585235596,
    "weekofyear_datetime": 21.97505760192871,
    "dayofyear_datetime": 150.17269897460938,
    "hour_datetime": 11.50307559967041,
    "day_week": 2.9980030059814453,
    "day_month_datetime": 15.331180572509766,