epoch,train_loss,train_zero_classification_loss,train_positive_regression_loss,train_zero_suppression_loss,validation_mse,validation_mae,validation_r2,validation_smape,validation_rmse,validation_rmsle,validation_thresholded_rmsle,validation_zero_f1,validation_mean_prediction_on_zero,validation_evaluated_row_count,validation_skipped_row_count,validation_unknown_node_row_count
1,0.07424255880117922,0.3091928385737331,0.0037940355972578793,0.016053062241825254,0.050908855040998874,0.17122090381276428,-1.5971847615918975,101.46410508269173,0.2256299072397072,0.17802723632456707,0.17858617966967563,0.3332247557003258,0.02411844479929607,271599,0,0
2,0.05939900398902286,0.250749032434358,0.0027655885665343457,0.01239339790351124,0.029646678843802527,0.11919789588442115,-0.5124658070373695,76.56422952503638,0.1721821095346509,0.14314967310180843,0.14370177508990228,0.42648794158861275,0.02528711904179961,271599,0,0
3,0.05597114735185095,0.23648199318681842,0.0026043932742838673,0.011553204058150376,0.04572351670262707,0.1597809995130143,-1.3326476451065283,103.36104297588813,0.2138305794376171,0.17524544465718397,0.17568202908440705,0.3093021815855194,0.01999906650143725,271599,0,0
4,0.05402585281738509,0.22852258650726148,0.0025074515749311846,0.011021438669647185,0.04624733280730284,0.16354891166533692,-1.3593708390154209,102.66434306180699,0.2150519304895979,0.17395122666407642,0.17432721730528092,0.33352248647794447,0.019414620574053867,271599,0,0
5,0.05229451026080038,0.22120360941745368,0.002438327913708279,0.010590438720595936,0.03574547745035427,0.13966926096070384,-0.8236043465350218,81.54659444062928,0.18906474407026358,0.15552298645043763,0.15636327797315813,0.41035612760581175,0.0397909263485057,271599,0,0
