epoch,train_loss,validation_mse,validation_mae,validation_r2,validation_smape,validation_rmse,validation_evaluated_row_count,validation_skipped_row_count,validation_unknown_node_row_count
1,0.003334269584334562,0.027125026115069725,0.12777374669265815,-0.3838202494852081,65.23942541981886,0.16469677020230156,271599,0,0
2,0.0024708771402448585,0.0490224718223554,0.17844918977549795,-1.5009483456277608,67.08466680134045,0.22141018906625637,271599,0,0
3,0.0023044561820847595,0.03677052533141227,0.13227944660278348,-0.8758985640035133,50.018773825280725,0.19175642187789246,271599,0,0
4,0.0021731226890262536,0.03728335844279874,0.14048921283708993,-0.9020614455112597,75.75717120707938,0.19308899099326907,271599,0,0
