{
  "mse": 0.010079588229742632,
  "mae": 0.06842781929270296,
  "r2": 0.641109589603407,
  "smape": 19.02206725029842,
  "rmse": 0.10039715249817911,
  "evaluated_row_count": 1131207,
  "skipped_row_count": 65293,
  "window_count": 1131207
}