epoch,train_loss,validation_mse,validation_mae,validation_r2,validation_smape,validation_rmse,validation_evaluated_row_count,validation_skipped_row_count
1,0.0006188835726935034,0.04225717755602962,0.10874288611267363,-0.48573545297369924,38.52009687554023,0.2055655067272465,1077942,130531
2,0.0003688894224431574,0.011091618072428209,0.0677131764455845,0.6100257718537807,19.26808529897474,0.10531675114827749,1077942,130531
3,0.00031339430413254005,0.01331865197068165,0.08002130144265215,0.531724678194078,21.742747148662907,0.11540646416332861,1077942,130531
4,0.0002848923011214102,0.015364500613319069,0.07858569312734504,0.4597939427408102,23.22925908335116,0.1239536228325702,1077942,130531
5,0.00026609197651042323,0.01302280963211998,0.0672860468279312,0.5421263064218251,19.218333196557694,0.11411752552574903,1077942,130531
