{
  "mse": 0.011091618072428209,
  "mae": 0.0677131764455845,
  "r2": 0.6100257718537807,
  "smape": 19.26808529897474,
  "rmse": 0.10531675114827749,
  "evaluated_row_count": 1077942,
  "skipped_row_count": 130531,
  "window_count": 1077942
}