{
  "mse": 0.01236615888774395,
  "mae": 0.07437462359666824,
  "r2": 0.6137216091156006,
  "smape": 55.03681182861328,
  "rmse": 0.11120323236194149
}