{
  "mse": 0.013324499130249023,
  "mae": 0.07884697616100311,
  "r2": 0.583519697189331,
  "smape": 71.63276672363281,
  "rmse": 0.11543179427804552
}