{
  "mse": 0.03087954201540625,
  "mae": 0.1119592723764777,
  "r2": 0.2976176988983458,
  "smape": 74.25398066902632,
  "rmse": 0.17572575797362847,
  "rmsle": 0.14122034405384423,
  "evaluated_row_count": 125660,
  "skipped_row_count": 0,
  "window_count": 125660,
  "thresholded_mse": 0.031076259450527784,
  "thresholded_mae": 0.1119863526447509,
  "thresholded_r2": 0.2931431880821379,
  "thresholded_smape": 50.211593462864975,
  "thresholded_rmse": 0.17628459788231013,
  "thresholded_rmsle": 0.14180113596045837,
  "thresholded_evaluated_row_count": 125660,
  "thresholded_skipped_row_count": 0,
  "thresholded_window_count": 125660,
  "zero_true_positive_count": 15673,
  "zero_false_positive_count": 18226,
  "zero_false_negative_count": 4994,
  "zero_true_negative_count": 86767,
  "zero_accuracy": 0.8152156613082923,
  "zero_precision": 0.4623440219475501,
  "zero_recall": 0.758358736149417,
  "zero_f1": 0.5744602866253711,
  "zero_false_positive_rate": 0.17359252521596677,
  "zero_false_negative_rate": 0.24164126385058304,
  "mean_prediction_on_zero": 0.1253832139970277,
  "zero_threshold": 0.5,
  "evaluated_timestamp_count": 878,
  "skipped_timestamp_count": 0,
  "unknown_node_row_count": 0
}