{
  "mse": 0.04336716761076199,
  "mae": 0.13250399036986754,
  "r2": 0.12198540229183041,
  "smape": 111.25486143089887,
  "rmse": 0.2082478513953073,
  "rmsle": 0.16827461751125505,
  "evaluated_row_count": 126372,
  "skipped_row_count": 0,
  "window_count": 126372,
  "thresholded_mse": 0.043738004804354316,
  "thresholded_mae": 0.13254513956264258,
  "thresholded_r2": 0.1144774074818029,
  "thresholded_smape": 64.79420919176872,
  "thresholded_rmse": 0.20913633066579876,
  "thresholded_rmsle": 0.1691265552335915,
  "thresholded_evaluated_row_count": 126372,
  "thresholded_skipped_row_count": 0,
  "thresholded_window_count": 126372,
  "zero_true_positive_count": 29818,
  "zero_false_positive_count": 28954,
  "zero_false_negative_count": 3412,
  "zero_true_negative_count": 64188,
  "zero_accuracy": 0.7438831386699586,
  "zero_precision": 0.5073504389845505,
  "zero_recall": 0.8973216972615107,
  "zero_f1": 0.6482032999282623,
  "zero_false_positive_rate": 0.31085868888364004,
  "zero_false_negative_rate": 0.10267830273848931,
  "mean_prediction_on_zero": 0.04321963812060988,
  "zero_threshold": 0.5,
  "evaluated_timestamp_count": 879,
  "skipped_timestamp_count": 0,
  "unknown_node_row_count": 0
}