{
  "mse": 0.01329804485267965,
  "mae": 0.07866454496988488,
  "r2": 0.5843465164980776,
  "smape": 69.37575235911598,
  "rmse": 0.11531714899649423,
  "rmsle": 0.09713053563101447
}