{
  "mse": 0.012096190561010722,
  "mae": 0.06997060478610057,
  "r2": 0.6221545741512644,
  "smape": 52.17526596194261,
  "rmse": 0.10998268300514732,
  "rmsle": 0.09026287334293463
}