{
  "variant": "baseline",
  "removed_module": "none",
  "meter_id": 3,
  "meter_name": "hot_water",
  "metric_scale": "log1p_minmax",
  "final_score_metric": "test_rmsle",
  "model_config": {
    "input_size": 35,
    "node_count": 144,
    "gcn_dim": 16,
    "embed_dim": 16,
    "graph_top_k": 20,
    "gcn_layers": 4,
    "hidden_size": 128,
    "num_layers": 2,
    "dropout": 0.1,
    "graph_mode": "static_adaptive"
  },
  "training_config": {
    "window_size": 168,
    "stride": 1,
    "batch_size": 4,
    "eval_batch_size": 1,
    "epochs": 20,
    "patience": 3,
    "learning_rate": 0.001,
    "weight_decay": 1e-05,
    "grad_clip_norm": 1.0,
    "zero_classification_weight": 0.2,
    "positive_regression_weight": 2.0,
    "zero_suppression_weight": 0.3,
    "zero_threshold": 0.5,
    "seed": 42
  },
  "zero_pos_weight": 2.5396169031179103,
  "prediction_fusion_alpha": [
    0.874777615070343
  ],
  "best_epoch": 8,
  "best_validation_rmse": 0.2082478513953073,
  "best_validation_rmsle": 0.16827461751125505,
  "best_validation_zero_f1": 0.6482032999282623,
  "validation_rmse": 0.2082478513953073,
  "validation_rmsle": 0.16827461751125505,
  "validation_thresholded_rmsle": 0.1691265552335915,
  "validation_zero_f1": 0.6482032999282623,
  "test_rmse": 0.17572575797362847,
  "test_rmsle": 0.14122034405384423,
  "test_thresholded_rmsle": 0.14180113596045837,
  "test_zero_f1": 0.5744602866253711,
  "final_score": 0.14122034405384423,
  "node_count": 144,
  "node_ids": [
    106,
    109,
    112,
    113,
    114,
    117,
    119,
    121,
    138,
    139,
    144,
    145,
    163,
    166,
    167,
    168,
    169,
    171,
    175,
    176,
    177,
    179,
    183,
    184,
    187,
    190,
    191,
    192,
    195,
    200,
    201,
    202,
    203,
    206,
    209,
    210,
    212,
    213,
    215,
    216,
    217,
    220,
    221,
    224,
    225,
    226,
    228,
    232,
    234,
    236,
    239,
    240,
    244,
    246,
    247,
    248,
    249,
    250,
    253,
    254,
    255,
    260,
    263,
    264,
    279,
    284,
    287,
    793,
    795,
    998,
    1000,
    1003,
    1008,
    1009,
    1011,
    1012,
    1017,
    1018,
    1021,
    1022,
    1028,
    1029,
    1030,
    1031,
    1032,
    1223,
    1224,
    1227,
    1228,
    1229,
    1230,
    1231,
    1232,
    1233,
    1234,
    1235,
    1236,
    1237,
    1240,
    1241,
    1242,
    1244,
    1246,
    1249,
    1251,
    1252,
    1253,
    1255,
    1258,
    1259,
    1260,
    1262,
    1265,
    1266,
    1267,
    1268,
    1269,
    1270,
    1271,
    1272,
    1273,
    1274,
    1275,
    1276,
    1293,
    1294,
    1295,
    1296,
    1297,
    1298,
    1300,
    1301,
    1302,
    1311,
    1312,
    1317,
    1318,
    1319,
    1321,
    1322,
    1323,
    1324,
    1325,
    1331
  ],
  "test_only_node_ids": [],
  "test_unknown_node_row_count": 0,
  "feature_count": 35,
  "input_feature_cols": [
    "meter_reading",
    "building_id",
    "meter",
    "site_id",
    "primary_use",
    "square_feet",
    "year_built",
    "floor_count",
    "air_temperature",
    "cloud_coverage",
    "dew_temperature",
    "precip_depth_1_hr",
    "sea_level_pressure",
    "wind_direction",
    "wind_speed",
    "age",
    "beaufort_scale",
    "month_datetime",
    "weekofyear_datetime",
    "dayofyear_datetime",
    "hour_datetime",
    "day_week",
    "day_month_datetime",
    "week_month_datetime",
    "age_missing",
    "air_temperature_missing",
    "beaufort_scale_missing",
    "cloud_coverage_missing",
    "dew_temperature_missing",
    "floor_count_missing",
    "precip_depth_1_hr_missing",
    "sea_level_pressure_missing",
    "wind_direction_missing",
    "wind_speed_missing",
    "year_built_missing"
  ],
  "input_feature_means": {
    "meter_reading": 0.27394622564315796,
    "building_id": 734.2591552734375,
    "meter": 3.0,
    "site_id": 7.798776626586914,
    "primary_use": 2.548614740371704,
    "square_feet": 110566.0234375,
    "year_built": 1971.1007080078125,
    "floor_count": 4.762333869934082,
    "air_temperature": 18.820261001586914,
    "cloud_coverage": 1.1860380172729492,
    "dew_temperature": 5.45595645904541,
    "precip_depth_1_hr": 0.48185548186302185,
    "sea_level_pressure": 1013.7101440429688,
    "wind_direction": 7.089898109436035,
    "wind_speed": 3.1850249767303467,
    "age": 44.899688720703125,
    "beaufort_scale": 2.2280097007751465,
    "month_datetime": 5.338674545288086,
    "weekofyear_datetime": 21.572223663330078,
    "dayofyear_datetime": 147.23106384277344,
    "hour_datetime": 11.496132850646973,
    "day_week": 3.0008790493011475,
    "day_month_datetime": 15.356839179992676,
    "week_month_datetime": 2.6483492851257324,
    "age_missing": 0.5552035570144653,
    "air_temperature_missing": 0.002432161243632436,
    "beaufort_scale_missing": 0.004719788208603859,
    "cloud_coverage_missing": 0.3822789192199707,
    "dew_temperature_missing": 0.002553769154474139,
    "floor_count_missing": 0.8252332806587219,
    "precip_depth_1_hr_missing": 0.14308084547519684,
    "sea_level_pressure_missing": 0.011564726941287518,
    "wind_direction_missing": 0.051027536392211914,
    "wind_speed_missing": 0.004719788208603859,
    "year_built_missing": 0.5552035570144653
  },
  "input_feature_stds": {
    "meter_reading": 0.22201329469680786,
    "building_id": 510.5347595214844,
    "meter": 1.0,
    "site_id": 5.772622585296631,
    "primary_use": 3.1106960773468018,
    "square_feet": 87422.75,
    "year_built": 25.74603271484375,
    "floor_count": 2.7767155170440674,
    "air_temperature": 11.545966148376465,
    "cloud_coverage": 1.7941323518753052,
    "dew_temperature": 9.33891773223877,
    "precip_depth_1_hr": 4.826049327850342,
    "sea_level_pressure": 7.077139854431152,
    "wind_direction": 4.872984886169434,
    "wind_speed": 2.0706746578216553,
    "age": 25.74603271484375,
    "beaufort_scale": 1.2214430570602417,
    "month_datetime": 2.781313896179199,
    "weekofyear_datetime": 12.31718635559082,
    "dayofyear_datetime": 84.56543731689453,
    "hour_datetime": 6.920594692230225,
    "day_week": 2.003849983215332,
    "day_month_datetime": 8.737893104553223,
    "week_month_datetime": 1.2600605487823486,
    "age_missing": 0.4969431161880493,
    "air_temperature_missing": 0.049256931990385056,
    "beaufort_scale_missing": 0.06853840500116348,
    "cloud_coverage_missing": 0.4859442114830017,
    "dew_temperature_missing": 0.0504702627658844,
    "floor_count_missing": 0.37976741790771484,
    "precip_depth_1_hr_missing": 0.3501553237438202,
    "sea_level_pressure_missing": 0.10691578686237335,
    "wind_direction_missing": 0.22005392611026764,
    "wind_speed_missing": 0.06853840500116348,
    "year_built_missing": 0.4969431161880493
  },
  "target_column": "meter_reading",
  "target_preprocess": "log1p_then_train_minmax",
  "target_log1p_min": 0.0,
  "target_log1p_max": 11.662052154541016,
  "train_window_count": 6859,
  "train_data_path": "/root/autodl-tmp/upload1/preprocessed_data/meter_3/log1p_minmax_train.csv",
  "valid_data_path": "/root/autodl-tmp/upload1/preprocessed_data/meter_3/log1p_minmax_valid.csv",
  "test_data_path": "/root/autodl-tmp/upload1/preprocessed_data/meter_3/log1p_minmax_test.csv",
  "preprocessing_summary_path": "/root/autodl-tmp/upload1/preprocessed_data/meter_3/log1p_minmax_summary.json",
  "model_path": "/root/autodl-tmp/upload1/Ablation experiment/STGNN/static_adaptive_other_meters_ablation_outputs/baseline/meter_3/model.pt",
  "training_history_path": "/root/autodl-tmp/upload1/Ablation experiment/STGNN/static_adaptive_other_meters_ablation_outputs/baseline/meter_3/training_history.csv",
  "validation_metrics_path": "/root/autodl-tmp/upload1/Ablation experiment/STGNN/static_adaptive_other_meters_ablation_outputs/baseline/meter_3/validation_metrics.json",