epoch,train_loss,validation_mse,validation_mae,validation_r2,validation_smape,validation_rmse,validation_evaluated_row_count,validation_skipped_row_count,validation_unknown_node_row_count
1,0.0028802272121091236,0.19958843060269474,0.40379397349101054,-5.235251179166526,183.26244300301525,0.4467532099523122,417885,211,211
2,0.0018268649027901923,0.029997173276696387,0.14687822338981085,0.0628719837097691,73.17327780564489,0.17319692051735905,417885,211,211
3,0.0016544069956988304,0.036025696593345834,0.15753310135692253,-0.12546236515636133,88.10257819597606,0.1898043639997401,417885,211,211
4,0.0015485036414254376,0.08543811296271411,0.24218791546079627,-1.6691331405725949,151.83208664093058,0.2922979865868291,417885,211,211
5,0.0014801568229158054,0.28407100947695446,0.4619046408927591,-7.874532914856694,109.10735791999517,0.5329831230695344,417885,211,211
