{
  "mse": 0.03691477930833261,
  "mae": 0.12500543961063662,
  "r2": 0.2556943297310643,
  "smape": 93.81957470499385,
  "rmse": 0.19213219227483094,
  "evaluated_row_count": 122200,
  "skipped_row_count": 4172,
  "window_count": 122200
}