{
  "mse": 0.030878474793756827,
  "mae": 0.11494243019120852,
  "r2": 0.30530936924636465,
  "smape": 67.41374582690108,
  "rmse": 0.17572272133607772,
  "evaluated_row_count": 118171,
  "skipped_row_count": 7489,
  "window_count": 118171
}