epoch,train_loss,validation_mse,validation_mae,validation_r2,validation_smape,validation_rmse,validation_evaluated_row_count,validation_skipped_row_count
1,0.001988223369318542,0.03126387228651594,0.13562419753543808,0.022679502719161748,66.07208231098357,0.17681592769463939,388198,29898
2,0.0014200061818286426,0.22291226474901768,0.37652190465189,-5.9683218840575005,108.96287443351397,0.47213585412359615,388198,29898
3,0.0012154655131403045,0.02065663219322895,0.1032596184254058,0.35426584838177555,70.20896076639644,0.14372415313102022,388198,29898
4,0.0011243204616731533,0.08230630402137608,0.23483013464210412,-1.5729262593684732,150.70403633341897,0.2868907527637935,388198,29898
5,0.001055990651148901,0.02196542904866059,0.10210613494349478,0.3133523626219924,63.954488107753626,0.14820738527030491,388198,29898
6,0.0009934457154829178,0.034157975391256847,0.1398390483142812,-0.06779125725535717,80.51542860990195,0.1848187636341528,388198,29898
