{
  "mse": 0.02065663219322895,
  "mae": 0.1032596184254058,
  "r2": 0.35426584838177555,
  "smape": 70.20896076639644,
  "rmse": 0.14372415313102022,
  "evaluated_row_count": 388198,
  "skipped_row_count": 29898,
  "window_count": 388198
}