{
  "mse": 0.023932993916782136,
  "mae": 0.11963003023667894,
  "r2": 0.24990802519596977,
  "smape": 94.5874021434517,
  "rmse": 0.15470292148754702,
  "evaluated_row_count": 415020,
  "skipped_row_count": 7042,
  "window_count": 415020
}