{
  "mse": 0.03887358142560907,
  "mae": 0.16907300322010274,
  "r2": 0.21296285099302026,
  "smape": 93.63420099027869,
  "rmse": 0.19716384411349125,
  "rmsle": 0.15389493294924203
}