{
  "mse": 0.045580276271338586,
  "mae": 0.19031405758889983,
  "r2": -0.03676341172221176,
  "smape": 84.6993729012714,
  "rmse": 0.2134953776345956,
  "rmsle": 0.16281313457461324
}