{
  "mse": 0.008649560938068143,
  "mae": 0.06759699576474161,
  "r2": 0.5587308368117971,
  "smape": 38.016569103205235,
  "rmse": 0.09300301574716888,
  "rmsle": 0.07557797797572666
}