{
  "mse": 0.00880073464721274,
  "mae": 0.07158339910983848,
  "r2": 0.4681963693698137,
  "smape": 30.453459439168807,
  "rmse": 0.09381223079754973,
  "rmsle": 0.07379251279606754
}