{
  "mse": 0.00882455799728632,
  "mae": 0.06893771141767502,
  "r2": 0.5498031377792358,
  "smape": 38.09171676635742,
  "rmse": 0.0939391185677528
}