{
  "mse": 0.008801105432212353,
  "mae": 0.07158425450325012,
  "r2": 0.4681739807128906,
  "smape": 30.45722198486328,
  "rmse": 0.09381420698493567
}