{
  "generated_at": "2026-04-27T12:30:00",
  "target_scale": "log1p + train min-max 后的 meter_reading",
  "source_artifacts": [
    "xgboost_run_summary.json",
    "gru_run_summary.json",
    "stgnn_run_summary.json"
  ],
  "summary_note": "三个模型的指标均来自各自 run_summary.json，指标尺度一致，均不是原始 meter_reading 尺度。",
  "best_test_model": "STGNN",
  "models": [
    {
      "name": "XGBoost",
      "model_type": "表格梯度提升树",
      "feature_count": 34,
      "train_rows": 9534062,
      "valid_rows": 1208473,
      "test_rows": 1196500,
      "train_window_count": null,
      "validation_window_count": null,
      "test_window_count": null,
      "selection_label": "best_iteration = 86",
      "device": "cuda:0",
      "test_skipped_row_count": 0,
      "validation": {
        "mse": 0.006687838118523359,
        "mae": 0.05405402556061745,
        "rmse": 0.08177920345982442,
        "r2": 0.7705305814743042,
        "smape": 15.976771354675293
      },
      "test": {
        "mse": 0.006881291978061199,
        "mae": 0.05396578460931778,
        "rmse": 0.08295355313704893,
        "r2": 0.7595906257629395,
        "smape": 16.00455093383789
      }
    },
    {
      "name": "GRU",
      "model_type": "单节点序列 GRU",
      "feature_count": 35,
      "train_rows": 9534062,
      "valid_rows": 1208473,
      "test_rows": 1196500,
      "train_window_count": 8699026,
      "validation_window_count": 1077942,
      "test_window_count": 1131207,
      "selection_label": "best_epoch = 2",
      "device": "cuda:0",
      "test_skipped_row_count": 65293,
      "validation": {
        "mse": 0.011091618072428209,
        "mae": 0.0677131764455845,
        "rmse": 0.10531675114827749,
        "r2": 0.6100257718537807,
        "smape": 19.26808529897474
      },
      "test": {
        "mse": 0.010079588229742632,
        "mae": 0.06842781929270296,
        "rmse": 0.10039715249817911,
        "r2": 0.641109589603407,
        "smape": 19.02206725029842
      }
    },
    {
      "name": "STGNN",
      "model_type": "可学习图 GCN + GRU",
      "feature_count": 35,
      "node_count": 1398,
      "train_rows": 9534062,
      "valid_rows": 1208473,
      "test_rows": 1196500,
      "train_window_count": 6859,
      "validation_window_count": 1208473,
      "test_window_count": 1196021,
      "selection_label": "best_epoch = 7",
      "device": "cuda:0",
      "test_skipped_row_count": 479,
      "validation": {
        "mse": 0.009789493236622981,
        "mae": 0.058964314120553994,
        "rmse": 0.09894186796610918,
        "r2": 0.6641082525690378,
        "smape": 20.734997128607212
      },
      "test": {
        "mse": 0.00557297926596069,
        "mae": 0.05024253691518081,
        "rmse": 0.07465238955291846,
        "r2": 0.8053747775926687,
        "smape": 17.812271775213535
      }
    }
  ],
  "test_metric_rows": [
    {
      "metric": "MSE",
      "direction": "越低越好",
      "xgboost": 0.006881291978061199,
      "gru": 0.010079588229742632,
      "stgnn": 0.00557297926596069,
      "best_model": "STGNN"
    },
    {
      "metric": "MAE",
      "direction": "越低越好",
      "xgboost": 0.05396578460931778,
      "gru": 0.06842781929270296,
      "stgnn": 0.05024253691518081,
      "best_model": "STGNN"
    },
    {
      "metric": "RMSE",
      "direction": "越低越好",
      "xgboost": 0.08295355313704893,
      "gru": 0.10039715249817911,
      "stgnn": 0.07465238955291846,
      "best_model": "STGNN"
    },
    {
      "metric": "R2",
      "direction": "越高越好",
      "xgboost": 0.7595906257629395,
      "gru": 0.641109589603407,
      "stgnn": 0.8053747775926687,
      "best_model": "STGNN"
    },
    {
      "metric": "SMAPE",
      "direction": "越低越好",
      "xgboost": 16.00455093383789,
      "gru": 19.02206725029842,
      "stgnn": 17.812271775213535,
      "best_model": "XGBoost"
    }
  ],
  "validation_metric_rows": [
    {
      "metric": "MSE",
      "direction": "越低越好",
      "xgboost": 0.006687838118523359,
      "gru": 0.011091618072428209,
      "stgnn": 0.009789493236622981,
      "best_model": "XGBoost"
    },
    {
      "metric": "MAE",
      "direction": "越低越好",
      "xgboost": 0.05405402556061745,
      "gru": 0.0677131764455845,
      "stgnn": 0.058964314120553994,
      "best_model": "XGBoost"
    },
    {
      "metric": "RMSE",
      "direction": "越低越好",
      "xgboost": 0.08177920345982442,
      "gru": 0.10531675114827749,
      "stgnn": 0.09894186796610918,
      "best_model": "XGBoost"
    },
    {
      "metric": "R2",
      "direction": "越高越好",
      "xgboost": 0.7705305814743042,
      "gru": 0.6100257718537807,
      "stgnn": 0.6641082525690378,
      "best_model": "XGBoost"
    },
    {
      "metric": "SMAPE",
      "direction": "越低越好",
      "xgboost": 15.976771354675293,
      "gru": 19.26808529897474,
      "stgnn": 20.734997128607212,
      "best_model": "XGBoost"
    }
  ]
}
