{
  "mse": 0.02331717654855259,
  "mae": 0.09555047611590826,
  "r2": -0.16124108941120108,
  "smape": 50.65788997804215,
  "rmse": 0.15269962851478255,
  "evaluated_row_count": 251775,
  "skipped_row_count": 19824,
  "window_count": 251775
}