{
  "mse": 0.021452295618288084,
  "mae": 0.10587205163030479,
  "r2": -0.3010180624217207,
  "smape": 33.22623983888423,
  "rmse": 0.14646602206070897,
  "evaluated_row_count": 247573,
  "skipped_row_count": 17983,
  "window_count": 247573
}