epoch,train_loss,validation_mse,validation_mae,validation_r2,validation_smape,validation_rmse,validation_evaluated_row_count,validation_skipped_row_count
1,0.0029233296739602918,0.02331717654855259,0.09555047611590826,-0.16124108941120108,50.65788997804215,0.15269962851478255,251775,19824
2,0.0021940272394956476,0.16291626035615325,0.3021613194616446,-7.113549051054465,85.34772533888646,0.4036288646221343,251775,19824
3,0.0020234308418958908,0.05149442004449251,0.15450031829767633,-1.5645230376220827,79.32444438705438,0.22692381991428867,251775,19824
4,0.0019223560890912353,0.03700765603353946,0.14966769579775235,-0.8430537985359137,89.74648436455222,0.1923737404989035,251775,19824
