{
  "mse": 0.023742508449895488,
  "mae": 0.12586649616429535,
  "r2": 0.2578866702886564,
  "smape": 84.26788055941479,
  "rmse": 0.15408604235911663,
  "rmsle": 0.12780252134910491
}