{
  "mse": 0.02349333679600046,
  "mae": 0.1218253834258968,
  "r2": 0.26614500643656847,
  "smape": 63.01952789501012,
  "rmse": 0.15327536265166838,
  "rmsle": 0.12566315355625135
}