{
  "mse": 0.06587431623451659,
  "mae": 0.19379171966868827,
  "r2": -2.9950817756643295,
  "smape": 64.51095099805814,
  "rmse": 0.25665992331199,
  "rmsle": 0.17151713259074788,
  "evaluated_row_count": 247573,
  "skipped_row_count": 17983
}