{
  "mse": 0.02995400243147187,
  "mae": 0.13086108836138508,
  "r2": -0.4917680253146841,
  "smape": 76.7661489360378,
  "rmse": 0.1730722462773043,
  "rmsle": 0.14262346562004644,
  "evaluated_row_count": 251775,
  "skipped_row_count": 19824
}