epoch,train_loss,train_zero_classification_loss,train_positive_regression_loss,train_zero_suppression_loss,validation_mse,validation_mae,validation_r2,validation_smape,validation_rmse,validation_rmsle,validation_thresholded_rmsle,validation_zero_f1,validation_mean_prediction_on_zero,validation_evaluated_row_count,validation_skipped_row_count,validation_unknown_node_row_count
1,0.043016822888105544,0.17329894790435388,0.0025313382148310073,0.010981187026760751,0.08857745272404587,0.23998761171792674,-1.7672078230055344,168.36827707515175,0.29761964438532257,0.24829972333678996,0.25134955154024985,0.3275209959957004,0.011253866222918575,417885,211,211
2,0.03112249054513784,0.12710631811476414,0.0017616259713760134,0.007259914666405845,0.07312550966169352,0.20786301219865538,-1.284480713478147,147.60349386444196,0.2704172880229619,0.22461924621213825,0.22745432542601443,0.37742807359337055,0.01512806528430424,417885,211,211
3,0.02876157823916435,0.11790519841753506,0.001579728190453472,0.006736938840331296,0.035914527488793306,0.13044592373763633,-0.12198938183686292,79.61142342852874,0.18951128591404076,0.14995566649680112,0.15036711104040204,0.6127932601808916,0.10278490021311448,417885,211,211
4,0.027368844407904342,0.11204922582788031,0.0015214117909744444,0.006387250674426909,0.04484079948572511,0.15254809749956572,-0.400850976300839,110.15244049465286,0.2117564626775889,0.17069227908341403,0.1723447975592945,0.5032088877303982,0.03854877233537186,417885,211,211
5,0.026321853526326135,0.10770816692583826,0.001464694815034025,0.006169433641133018,0.08461611318068774,0.20904853008907576,-1.6434534200864044,91.85105996098964,0.29088848925436656,0.20737273795630146,0.20771507081211232,0.6316767784057126,0.11608587681150859,417885,211,211
6,0.025667486549684242,0.10490923996643299,0.0014370753807164108,0.006038291288861797,0.04557457293003385,0.14158534239035958,-0.4237744579878855,92.22757692643319,0.21348202015634443,0.1640339202413952,0.16521036624787402,0.5418927671824396,0.06285776579817533,417885,211,211
