{
  "mse": 0.022651900246936613,
  "mae": 0.09873115745112895,
  "r2": 0.2926941088052092,
  "smape": 106.15789061791563,
  "rmse": 0.15050548244810424,
  "rmsle": 0.12391939345617484,
  "evaluated_row_count": 421184,
  "skipped_row_count": 878,
  "window_count": 421184,
  "thresholded_mse": 0.022977067657523168,
  "thresholded_mae": 0.09925571456671979,
  "thresholded_r2": 0.28254075201724904,
  "thresholded_smape": 62.969715543810956,
  "thresholded_rmse": 0.1515818843316152,
  "thresholded_rmsle": 0.1250638236687812,
  "thresholded_evaluated_row_count": 421184,
  "thresholded_skipped_row_count": 878,
  "thresholded_window_count": 421184,
  "zero_true_positive_count": 98109,
  "zero_false_positive_count": 95613,
  "zero_false_negative_count": 5841,
  "zero_true_negative_count": 221621,
  "zero_accuracy": 0.7591219039659626,
  "zero_precision": 0.5064422213274693,
  "zero_recall": 0.9438095238095238,
  "zero_f1": 0.6591751995484963,
  "zero_false_positive_rate": 0.3013958150765681,
  "zero_false_negative_rate": 0.05619047619047619,
  "mean_prediction_on_zero": 0.022202922173835873,
  "zero_threshold": 0.5,
  "evaluated_timestamp_count": 878,
  "skipped_timestamp_count": 0,
  "unknown_node_row_count": 878
}