epoch,train_loss,train_zero_classification_loss,train_positive_regression_loss,train_zero_suppression_loss,validation_mse,validation_mae,validation_r2,validation_smape,validation_rmse,validation_rmsle,validation_thresholded_rmsle,validation_zero_f1,validation_mean_prediction_on_zero,validation_evaluated_row_count,validation_skipped_row_count,validation_unknown_node_row_count
1,0.06906810781885478,0.24773324269327338,0.005851396654258429,0.026062216383314175,0.07469783616619015,0.2020210299551081,-0.5123374244725276,117.1884123399119,0.27330904881871393,0.20544601855739894,0.20584167078895027,0.6389679937371652,0.090229001873301,126372,0,0
2,0.05228092781008791,0.18291250484033442,0.004641054419666122,0.021387723552044376,0.04497455215234027,0.12875932016391056,0.08944218655075986,103.96309951259717,0.21207204472145846,0.16941758060229142,0.16990116228585533,0.6507755633589917,0.05544048695937331,126372,0,0
3,0.050139808373318,0.17499276163029806,0.004440673414370337,0.02086636098803322,0.1232009611019165,0.2743382045136893,-1.4943349602641578,124.39873285919627,0.35099994458962025,0.24529366796636068,0.2455528213199346,0.656265068540332,0.09510905985015711,126372,0,0
4,0.04847860873090576,0.1691570549422818,0.004279222191616796,0.020295841761063964,0.037973752858641956,0.11872836608391943,0.23118084079404,96.59746940956148,0.19486855276991707,0.1567406228810315,0.15697405572466488,0.6819316819816221,0.07029538004149567,126372,0,0
5,0.047700964921895385,0.1661758225515218,0.004226085497269413,0.020045428460215498,0.04630699490639059,0.13974227539543738,0.06246546076670545,107.04411027429848,0.21519060134306653,0.17141786675316423,0.17165672483539496,0.6546868432114333,0.05063578081768539,126372,0,0
6,0.04682722293212551,0.1630943633121437,0.00415110027676901,0.019687162858033812,0.038261179500711354,0.11985640106398428,0.22536158163069664,94.71700868367215,0.19560465102014152,0.1564693964489709,0.15684769520644615,0.6955562963152901,0.07694205238532262,126372,0,0
7,0.04615753816978298,0.16039272530843116,0.004122628912245487,0.01944578148712225,0.043376927002186934,0.1299558466846056,0.12178781299541241,102.88280340507916,0.20827128223110103,0.16720219696445304,0.16765424904437973,0.6679575206101066,0.05798848787800174,126372,0,0
