epoch,train_loss,train_zero_classification_loss,train_positive_regression_loss,train_zero_suppression_loss,validation_mse,validation_mae,validation_r2,validation_smape,validation_rmse,validation_rmsle,validation_thresholded_rmsle,validation_zero_f1,validation_mean_prediction_on_zero,validation_evaluated_row_count,validation_skipped_row_count,validation_unknown_node_row_count
1,0.06707619813962525,0.24287493535565932,0.005508563036414618,0.024946946439819904,0.09738446257104273,0.23614616733285887,-0.9716523913847093,112.21882679961728,0.3120648371269066,0.22059253229036976,0.22104824596103934,0.6280560858403001,0.16474011092703678,126372,0,0
2,0.05229752789364128,0.1839864088080998,0.004542681487389093,0.02138294081753332,0.048961496455635994,0.15607664299591903,0.00872224352929396,117.61280299378878,0.22127244847842217,0.17620542047742016,0.17884499617994196,0.6226459712786998,0.04234474946341963,126372,0,0
3,0.0498985316247845,0.17480229212092752,0.004329262412871853,0.02093182537671401,0.05126907046188531,0.16034049247710183,-0.03799705529519337,120.2119168607763,0.22642674414009778,0.18106657845681837,0.18241800874033146,0.5969391022220325,0.0562215889666411,126372,0,0
4,0.04877342954824769,0.17029949738248013,0.004253278991714012,0.02068990420818574,0.0464394820688062,0.1410108287837952,0.059783116748901244,108.19028429511862,0.2154982182497252,0.17116440488919274,0.17214895310107653,0.6280475335711527,0.08384783521431512,126372,0,0
5,0.047745328648588076,0.16643918844795969,0.004184274000224799,0.020296473843177894,0.08903064143949772,0.22395389245019973,-0.802520365840129,107.59004768736258,0.2983800285533496,0.21721559190481365,0.21774682582905924,0.6882127265511312,0.13393399379520757,126372,0,0
6,0.047013197870679035,0.16377360750785427,0.0041182266849724,0.02007340712438603,0.06819180390308506,0.19470699845248457,-0.3806158568701048,136.87361031727028,0.26113560443395123,0.2085944809822565,0.21082280393456188,0.5733458301758865,0.03240939017785503,126372,0,0
7,0.046066069954391144,0.1602144539618779,0.0040575824118953266,0.019693378450523196,0.05003221054429158,0.14451175271479025,-0.012955506058809352,109.58630274988433,0.22367881112052518,0.17716196327526137,0.17839273334033612,0.6362014702373513,0.0565892840045342,126372,0,0
