{
  "mse": 0.010666887485966866,
  "mae": 0.07194578229697443,
  "r2": 0.35543000443065687,
  "smape": 26.709924639536233,
  "rmse": 0.103280624930172,
  "rmsle": 0.08245231826213008
}