{
  "mse": 0.014463699396205985,
  "mae": 0.08806556730484133,
  "r2": 0.26211462352041426,
  "smape": 38.106343297563036,
  "rmse": 0.12026512127880629,
  "rmsle": 0.09764560321296437
}